City,Lat,Lngs,Temp,Humidity,Cloudiness,Wind Speed
castro,-24.79,-50.01,63.37,96,100,8.21
bluff,-46.6,168.33,55.99,68,99,5.99
busselton,-33.65,115.33,67.35,43,0,13
hermanus,-34.42,19.23,61,85,100,14.03
los llanos de aridane,28.66,-17.92,64.4,63,40,5.82
tulum,20.22,-87.47,73.2,85,0,4.61
lagoa,39.05,-27.98,54.97,67,23,24.34
hilo,19.73,-155.09,72.07,65,40,10.29
kruisfontein,-34,24.73,64,77,86,3
buchanan,5.88,-10.05,77.41,86,80,3.87
ribeira grande,38.52,-28.7,56.12,65,47,21.03
sorland,67.67,12.69,44.49,73,91,17.07
norman wells,65.28,-126.83,-11.2,83,75,4.7
bredasdorp,-34.53,20.04,62.01,85,100,10.51
yellowknife,62.46,-114.35,-5.46,83,40,9.17
mataura,-46.19,168.86,55.99,68,99,5.99
new norfolk,-42.78,147.06,71.01,32,69,3
kapaa,22.08,-159.32,78.8,65,20,19.46
hays,30.05,-98.03,56.97,81,93,4
saskylakh,71.92,114.08,7.83,93,60,10.76
nsanje,-16.92,35.26,77.79,82,89,5.32
jalu,29.03,21.55,52.7,80,0,4.36
stromness,58.97,-3.3,42.8,81,100,13.87
lincoln,40.8,-96.67,35.65,64,1,8.57
longyearbyen,78.22,15.64,30.2,80,90,39.15
severo-kurilsk,50.68,156.12,28.69,91,83,15.68
ponta do sol,32.67,-17.1,56.25,72,20,9.17
hithadhoo,-0.6,73.08,81.59,72,19,7.61
cayenne,4.93,-52.33,75.2,100,20,7.47
gat,31.61,34.76,52.75,93,20,2.24
avarua,-21.21,-159.78,78.8,78,44,17.22
pedernales,18.04,-71.74,75.87,60,1,5.21
storforshei,66.4,14.52,37.99,92,100,4.79
morgan city,29.7,-91.21,65.8,100,90,9.17
tuktoyaktuk,69.45,-133.04,3.2,84,90,3.36
atuona,-9.8,-139.03,78.78,72,54,21.3
cape town,-33.93,18.42,62.51,72,20,21.92
alofi,-19.06,-169.92,84.2,83,75,10.29
albany,42.6,-73.97,44.19,78,89,1.99
geraldton,-28.77,114.6,73.4,38,0,19.46
ushuaia,-54.8,-68.3,33.62,91,35,6.38
butaritari,3.07,172.79,82.47,77,48,14.29
sur,22.57,59.53,73.81,62,83,7.2
vostok,46.49,135.88,8.94,92,99,5.48
dakar,14.69,-17.44,77,57,0,18.34
vallenar,-28.57,-70.76,57.78,78,0,1.57
narsaq,60.92,-46.05,30.2,54,100,19.46
sakakah,29.97,40.21,57.63,53,58,11.21
hobart,-42.88,147.33,71.83,32,0,6.93
saint-ambroise,48.55,-71.33,33.15,100,98,2.24
tautira,-17.73,-149.15,86,70,75,9.17
olive branch,34.96,-89.83,51.64,93,90,6.93
rikitea,-23.12,-134.97,75.99,77,70,15.61
nikolskoye,59.7,30.79,34.84,80,90,11.18
carnarvon,-24.87,113.63,77,44,0,24.16
novorzhev,57.03,29.33,35.89,95,100,6.73
koszalin,54.19,16.17,39.99,72,92,9.91
cherskiy,68.75,161.3,2.32,90,21,5.84
puerto ayora,-0.74,-90.35,71.01,90,77,7
upata,8.01,-62.4,71.13,96,100,2.08
maxixe,-23.86,35.35,77,83,75,8.05
port-gentil,-0.72,8.78,78.98,84,100,10.78
mahebourg,-20.41,57.7,73.4,83,75,8.05
dukat,62.55,155.55,-8.32,90,100,5.84
coquimbo,-29.95,-71.34,55.4,93,0,2.24
jamestown,42.1,-79.24,40.77,86,90,4.7
onega,63.91,38.14,19.45,96,95,7
inta,66.03,60.17,7.84,94,0,6.02
bethel,41.37,-73.41,45.84,76,90,4.7
kamenka,51.32,42.77,35.01,93,100,11.01
port alfred,-33.59,26.89,65.43,77,58,23.44
lebu,-37.62,-73.65,52.12,90,100,3.74
namatanai,-3.67,152.43,80.58,82,100,5.79
haapiti,-17.57,-149.87,86,70,75,9.17
krasnyy yar,46.53,48.35,30.09,86,75,11.18
dehloran,32.69,47.27,60.58,81,100,7
talnakh,69.49,88.4,10.4,85,100,22.37
codrington,-38.27,141.97,66.16,66,100,13.94
souillac,-20.52,57.52,73.4,83,75,8.05
makat,47.65,53.35,27.28,97,72,9.01
saint-philippe,-21.36,55.77,73.26,57,0,10.29
jardim,-21.48,-56.14,76.82,60,66,0.56
acapulco,16.86,-99.89,82.4,78,20,4.7
fort-shevchenko,44.51,50.26,37.27,80,5,17.98
luderitz,-26.65,15.16,59,87,0,6.93
biak,-0.91,122.88,81.14,78,100,1.68
qaanaaq,77.48,-69.36,-2.51,82,100,6.24
tasiilaq,65.61,-37.64,15.8,47,24,26.4
urumqi,43.8,87.6,21.2,79,20,2.24
dikson,73.51,80.55,28.99,98,100,16.98
hovd,48.01,91.64,17.42,88,0,1.32
tiksi,71.69,128.87,-0.35,91,93,7.07
pangnirtung,66.15,-65.71,13.93,88,100,7.14
mitsamiouli,-11.38,43.28,81.91,74,1,10.09
satipo,-11.25,-74.64,70.84,77,98,3.2
foam lake,51.65,-103.53,26.6,73,98,9.17
sitka,57.05,-135.33,37.4,74,90,5.82
ostrovnoy,68.05,39.51,27.21,96,87,20.04
yar-sale,66.83,70.83,2.37,93,2,8.63
punta arenas,-53.15,-70.92,39.2,80,75,25.28
nhulunbuy,-12.23,136.77,91.4,49,70,11.41
sao jose da coroa grande,-8.9,-35.15,76.98,74,83,10.45
vagur,61.47,-6.81,45.05,64,74,9.33
otjimbingwe,-22.35,16.13,71.28,33,78,0.96
plymouth,41.83,-70.83,48.74,87,90,4.7
lavrentiya,65.58,-171,24.6,93,84,9.95
gunjur,13.2,-16.73,66.2,72,0,4.7
kibala,9.11,18.35,66.2,63,0,4.65
aguimes,27.91,-15.45,64.22,72,75,5.82
gao,16.64,1.64,70.86,20,0,8.32
alghero,40.56,8.32,55.13,72,0,9.17
mehamn,71.04,27.85,38.86,75,45,19.44
haines junction,60.75,-137.51,6.8,84,88,1.12
le port,-20.94,55.29,73.44,83,75,11.41
east london,-33.02,27.91,62.6,82,0,12.75
saint george,37.1,-113.58,38.61,34,1,5.82
dicabisagan,17.08,122.42,78.64,84,100,13.58
burnie,-41.07,145.92,61,66,100,5.99
port blair,11.67,92.75,82.45,77,96,19.93
mayakonda,14.28,76.08,68.05,84,100,7.94
harper,4.38,-7.72,76.23,86,9,1.45
takahagi,36.72,140.72,50.85,49,0,7
kavieng,-2.57,150.8,81.68,82,99,15.43
ordynskoye,54.37,81.9,11.7,93,0,5.1
aswan,24.09,32.91,54.01,62,0,6.71
pevek,69.7,170.31,10.49,92,64,1.7
ust-ishim,57.69,71.17,5.41,95,79,3.94
copiapo,-27.37,-70.33,57.2,82,0,3.36
arraial do cabo,-22.97,-42.03,74.39,87,5,19.84
ayr,55.46,-4.63,41.61,87,40,3.36
lompoc,34.64,-120.46,44.51,75,1,4.56
ailigandi,9.23,-78.02,79.3,82,100,2.17
boende,-0.22,20.87,70.43,97,100,1.12
jizan,17.33,42.67,78.8,83,40,8.05
thompson,55.74,-97.86,19.4,92,90,2.24
vaini,-21.2,-175.2,82.4,83,75,25.28
gombong,-7.61,109.51,78.01,62,57,5.68
preili,56.29,26.72,32.2,98,100,9.42
outjo,-20.12,16.15,69.8,40,67,2.24
kiama,-34.68,150.87,104,14,53,19.46
muhos,64.81,25.99,21.94,92,90,4.7
belmonte,-15.86,-38.88,77,65,90,6.93
bambous virieux,-20.34,57.76,75.52,83,75,8.05
campbell river,50.02,-125.24,41.4,93,75,4.7
treinta y tres,-33.23,-54.38,62.42,96,13,11.81
oranjemund,-28.55,16.43,58.41,92,5,4.79
barrow,71.29,-156.79,3.2,77,1,11.41
machakos,-1.52,37.27,62.6,100,90,11.41
zaraza,9.35,-65.32,73.09,97,92,3.51
komsomolskiy,40.43,71.72,41,65,100,34.45
honningsvag,70.98,25.97,42.08,70,31,25.3
leningradskiy,69.38,178.42,19.72,95,99,7.18
sola,-13.88,167.55,87.8,74,75,6.89
anshun,26.25,105.93,42.3,73,100,10.2
xiropotamos,41.2,24.1,48,44,0,4.07
kichera,55.94,110.1,13.77,90,84,0.58
kinablangan,7.69,126.55,83.57,73,94,7.4
chokurdakh,70.63,147.92,-10.3,92,97,4.68
tuni,17.35,82.55,74.41,67,88,9.91
upernavik,72.79,-56.15,1,78,0,8.5
bonthe,7.53,-12.51,77.54,84,0,3.33
san buenaventura,27.08,-101.53,72,71,82,1.01
imbituba,-28.24,-48.67,73.4,94,75,4.7
kodinsk,58.69,99.18,8.37,91,0,1.48
necochea,-38.55,-58.74,72,65,0,21.72
chuy,-33.7,-53.46,62.74,94,6,10.11
san policarpo,12.18,125.51,83.21,82,100,10.31
robertsport,6.75,-11.37,78.22,81,0,1.92
cidreira,-30.18,-50.21,71.29,92,93,17.81
surab,28.49,66.26,55.36,25,53,6.11
manokwari,-0.87,134.08,83.41,75,52,1.86
clyde river,70.47,-68.59,-5.8,76,90,16.11
teya,60.38,92.63,11.93,89,48,1.83
newport,51.59,-3,41.68,96,99,1.01
nuuk,64.18,-51.72,26.6,68,100,20.8
katangli,51.71,143.23,17.06,83,59,11.83
tessalit,20.2,1.01,60.13,32,0,5.03
coahuayana,18.73,-103.68,77.65,80,64,1.3
korla,41.76,86.15,34,89,98,4.97
alice springs,-23.7,133.88,105.8,9,0,13.87
pontal do parana,-25.65,-48.51,61.41,99,100,3.38
khatanga,71.97,102.5,14.79,96,100,17.27
hamilton,39.18,-84.53,44.58,70,1,6.13
dalby,-27.18,151.27,91.4,18,0,9.17
bonavista,48.65,-53.11,47.73,93,94,10.29
amapa,1,-52,71.73,97,100,2.06
huainan,32.63,117,43.14,63,100,9.98
dawson creek,55.77,-120.24,26.6,100,90,5.82
sabang,5.89,95.32,81.41,73,100,9.71
isangel,-19.55,169.27,82.4,61,20,6.93
chapais,49.78,-74.85,28.4,92,90,4.7
torbay,47.67,-52.73,49.33,93,90,23.04
saldanha,-33.01,17.94,57.2,82,99,6.93
batagay-alyta,67.8,130.41,3.38,88,100,2.91
coihaique,-45.58,-72.07,48.2,49,0,10.29
kodiak,57.79,-152.41,37.4,86,90,31.09
newington,41.7,-72.72,47.55,87,97,1.92
nelson bay,-32.72,152.15,102.11,21,48,19.46
sioux lookout,50.1,-91.92,24.8,79,90,9.17
tual,-5.67,132.75,84.78,66,94,3.38
barinas,8.62,-70.21,72.88,90,91,3.11
joshimath,30.57,79.57,57.31,33,0,4.92
sisimiut,66.94,-53.67,17.98,86,100,17.43
elat,29.56,34.95,56.48,67,0,5.37
todos santos,23.45,-110.22,72.48,74,0,9.55
sangar,63.92,127.47,-7.58,91,100,2.73
namibe,-15.2,12.15,71.2,74,94,5.53
carora,10.18,-70.08,73.15,89,100,4.5
wattegama,6.8,81.48,82.4,83,20,1.12
aklavik,68.22,-135.01,-2.2,84,75,3.36
georgetown,5.41,100.34,84.09,79,40,4.7
salamiyah,35.01,37.05,52.48,68,67,5.82
henties bay,-22.12,14.28,59,90,99,7.54
tezpur,26.63,92.8,72.32,58,3,4.65
imatra,61.17,28.75,32.63,86,90,11.41
kununurra,-15.77,128.73,93.2,46,71,17.22
westport,41.14,-73.36,47.05,76,75,3.36
ocala,29.19,-82.14,67.01,88,40,3.38
omboue,-1.57,9.26,75.49,94,100,7.23
cururupu,-1.83,-44.87,75.56,93,100,2.64
yulara,-25.24,130.99,109.4,7,0,6.93
gimbi,9.17,35.83,58.32,78,70,0.29
san patricio,28.02,-97.52,74.37,88,75,11.41
alappuzha,9.49,76.33,81.28,73,0,3.02
eureka,40.8,-124.16,42.66,88,4,3
jos,9.92,8.9,62.55,43,7,4.23
filadelfia,39.95,-75.16,50.4,76,75,4.7
pervomayskiy,53.25,40.29,37.99,77,100,6.64
binga,-17.62,27.34,74.68,74,99,1.95
kropotkin,45.44,40.58,35.8,82,0,7
paamiut,61.99,-49.67,32.97,92,100,30.62
port elizabeth,-33.92,25.57,64.4,77,20,13.87
severnyy,50.68,36.55,37.4,93,90,6.71
richards bay,-28.78,32.04,67.21,78,98,8.16
asfi,32.3,-9.24,58.06,71,0,3.47
yingkou,40.66,122.23,24.73,77,10,10.56
lisakovsk,52.54,62.49,9.73,96,81,8.12
dingle,11,122.67,85.33,74,62,12.73
klaksvik,62.23,-6.59,41,86,73,10.29
bandarbeyla,9.49,50.81,76.73,74,85,16.33
pisco,-13.7,-76.22,64.78,82,0,6.93
dharchula,29.85,80.53,65.82,21,0,1.74
san cristobal,7.77,-72.22,66,88,78,1.01
akdepe,42.06,59.38,32.9,80,90,4.7
cabo san lucas,22.89,-109.91,71.91,78,40,2.51
mount gambier,-37.83,140.77,66.2,68,100,9.17
bartica,6.4,-58.62,75.2,100,20,2.24
puerto leguizamo,-0.19,-74.78,71.28,99,100,0.63
ponferrada,42.55,-6.6,42.26,99,32,2.51
hare bay,48.85,-54.01,49.12,93,75,13.87
ulladulla,-35.35,150.47,100.83,14,69,19.46
waipawa,-41.41,175.52,60.22,59,39,19.46
tsabong,-26.02,22.4,72.81,67,100,3.58
hatillo,18.49,-66.83,68.79,88,0,1.01
madison,34.73,-86.57,52.5,100,75,3.36
laguna,38.42,-121.42,43.9,48,1,3.18
santa lucia,27.91,-15.54,64.2,72,75,5.82
bramsche,52.4,7.98,39.76,93,0,4
buraydah,26.33,43.98,60.8,100,75,14.99
melnikovo,56.56,84.08,5.04,83,0,3.83
la romana,18.43,-68.97,68,100,20,4.83
samur,41.83,48.49,41.14,68,0,3.94
meulaboh,4.14,96.13,81.37,80,79,6.89
cairns,-16.92,145.77,80.6,78,90,11.41
surin,14.88,103.49,84.16,55,59,17.81
samarai,-10.62,150.67,82.6,72,91,7.27
tabou,4.42,-7.35,75.94,87,5,1.95
comodoro rivadavia,-45.87,-67.5,59,33,0,13.87
margate,51.38,1.39,48.85,82,71,3
staryy nadym,65.61,72.68,-0.15,92,57,6.62
darovskoy,58.77,47.96,13.17,96,100,8.19
panzhihua,26.59,101.71,64.99,51,69,2.1
ordu,40.91,37.68,41,100,0,2.24
faanui,-16.48,-151.75,81.48,70,46,0.85
ponnampet,12.15,75.93,80.6,69,20,11.41
ulaanbaatar,47.91,106.88,-9.4,76,26,4.47
dundee,56.5,-2.97,33.33,91,0,1.12
nouna,12.73,-3.87,71.73,22,25,4.7
poum,-20.23,164.02,75.85,68,76,15.14
chernyshevskiy,63.01,112.47,-7.98,92,86,2.19
mbandaka,0.05,18.26,72.01,94,95,1.63
bam,29.11,58.36,61.59,29,88,4.25
rach gia,10.02,105.08,84.2,74,0,5.82
rutul,41.54,47.42,35.6,80,20,9.17
bengkulu,-3.8,102.27,77.14,88,100,5.64
raudeberg,61.99,5.14,42.01,87,84,13.35
ambon,-3.7,128.18,93.2,56,40,5.82
mar del plata,-38,-57.56,65.21,82,0,10.29
vrangel,42.73,133.08,26.96,79,0,13.98
chipinge,-20.19,32.62,64.38,98,86,5.68
lamu,-2.27,40.9,82.4,83,1,3.36
quiindy,-25.97,-57.27,75.16,81,0,4.7
la plata,-34.92,-57.95,76.44,62,0,1.99
eha amufu,6.66,7.76,74.01,92,3,3.29
novikovo,51.15,37.89,36.39,90,100,4.9
sosnovo-ozerskoye,52.52,111.54,5.07,92,89,8.55
koppa,13.53,75.36,72.41,70,7,5.59
gualeguay,-33.14,-59.31,70.79,53,31,12.03
kenai,60.55,-151.26,25.45,92,90,5.57
gejiu,23.31,103.16,56.39,78,54,5.06
avera,33.19,-82.53,55.42,87,1,3.58
batagay,67.63,134.63,-10.75,89,100,0.92
constitucion,-35.33,-72.42,52.93,83,0,11.54
ancud,-41.87,-73.82,50.14,100,90,5.82
san jeronimo,-11.95,-75.28,49.6,71,77,3.18
ayan,56.45,138.17,10.6,85,100,16.58
tamandare,-8.76,-35.1,76.96,74,85,9.84
garowe,8.41,48.48,69.13,74,55,12.91
nome,64.5,-165.41,20.84,73,90,9.17
dongsheng,39.82,109.98,22.66,88,0,11.1
provideniya,64.38,-173.3,21.87,91,66,6.76
rio gallegos,-51.62,-69.22,42.8,52,0,24.16
anori,-3.77,-61.64,73.53,95,72,1.14
shimoni,-4.65,39.38,78.42,84,1,4.76
arman,59.7,150.17,7.57,85,94,12.12
bogorodskoye,56.55,37.88,29.16,99,98,5.46
churapcha,62,132.43,-9.4,90,100,2.39
taltal,-25.4,-70.48,59.11,78,0,0.6
vila franca do campo,37.72,-25.43,55.4,58,75,17.22
vao,-22.67,167.48,73.2,73,39,16.87
tura,25.52,90.22,76.24,48,5,0.98
saint-pierre,-21.34,55.48,74.88,57,0,10.29
krasnoselkup,65.7,82.47,0.79,93,100,8.19
sovetskiy,61.36,63.58,9.36,96,19,2.91
mwense,-10.38,28.7,66.61,91,100,2.8
kibondo,-3.59,30.72,59.88,97,36,1.19
den helder,52.96,4.76,41.29,100,90,11.41
orotukan,62.27,151.7,-8.84,88,99,3.36
uniontown,39.9,-79.72,42.87,63,100,4.76
caravelas,-17.71,-39.25,72.5,90,49,4.81
calamar,10.25,-74.91,80.6,100,40,5.82
nanortalik,60.14,-45.24,32.02,98,100,7.52
port lincoln,-34.73,135.87,73.36,60,100,9.22
kahului,20.89,-156.47,73.02,57,40,14.99
mandurah,-32.55,115.7,71.55,35,0,9.17
horodok,49.16,26.58,37,82,100,3
hervey bay,-25.3,152.85,84.34,42,0,10.29
koshki,54.21,50.47,20.53,97,100,12.88
chittur,10.7,76.75,75.2,83,75,5.82
malya,-2.98,33.52,67.33,85,60,4.54
fort nelson,58.81,-122.7,8.6,92,20,1.79
lunca cernii de jos,45.63,22.62,29.32,97,77,1.74
shirokiy,49.76,129.52,11.93,90,4,11.61
sao joao da barra,-21.64,-41.05,73.65,89,0,10.16
ateli,28.1,76.28,66.16,34,0,9.04
galveston,29.37,-94.97,67.86,88,90,11.41
lata,40.16,-8.33,49.82,93,36,4.7
ponta delgada,37.73,-25.67,55.4,58,75,17.22
wenling,28.37,121.36,60.01,64,92,17.09
abdanan,32.99,47.42,52.92,88,100,2.59
havoysund,71,24.66,39.2,69,85,16.11
pudozh,61.81,36.53,20.59,97,73,6.22
beloha,-25.17,45.05,76.89,72,60,11.1
byron bay,-28.65,153.62,85.89,61,24,19.46
barao de melgaco,-16.19,-55.97,78.8,74,0,4.7
kaitangata,-46.28,169.85,55.99,71,78,13
sao filipe,14.9,-24.5,75.11,71,61,12.93
vanimo,-2.67,141.3,84.34,78,100,5.88
mokhsogollokh,61.47,128.92,-1.57,89,100,6.96
oranjestad,12.52,-70.03,80.6,83,40,12.75
dinuba,36.54,-119.39,44.19,75,1,3.36
klyuchi,52.27,79.17,13.62,92,17,7.52
kushima,31.46,131.23,58.91,44,40,14.99
balabac,7.99,117.06,85.35,71,73,8.75
pangody,65.85,74.49,-0.94,93,79,7.07
bor,56.36,44.07,32,98,90,6.71
manzhouli,49.6,117.43,8.6,89,0,8.08
celina,40.55,-84.57,43.65,81,90,5.82
egvekinot,66.32,-179.17,15.01,93,80,17.2
rocha,-34.48,-54.33,59.27,95,0,9.78
tezu,27.92,96.17,76.73,36,45,2.86
noyabrsk,63.2,75.45,-1.35,93,40,3.85
kailua,21.4,-157.74,75.97,69,20,21.92
northam,51.03,-4.22,47.01,95,92,1.99
la ronge,55.1,-105.28,26.6,68,40,8.05
hasaki,35.73,140.83,62.58,48,20,9.17
north myrtle beach,33.82,-78.68,56.05,87,1,6.15
nabire,-3.37,135.48,85.91,67,100,1.07
denpasar,-8.65,115.22,87.8,70,40,6.93
yambio,4.57,28.4,69.06,72,56,1.3
gobabis,-22.45,18.97,71.6,53,63,2.24
te anau,-45.42,167.72,52.63,53,89,11.23
aksha,50.28,113.29,14.45,81,0,6.64
petropavlovsk-kamchatskiy,53.05,158.65,30.2,68,40,8.95
iralaya,15,-83.23,77.4,85,13,5.91
salinas,36.68,-121.66,47.75,70,1,3.36
atar,20.52,-13.05,63.45,48,92,7.92
lianzhou,24.78,112.38,61.12,51,42,8.39
barra do garcas,-15.89,-52.26,73.74,67,2,2.04
broken hill,-31.95,141.43,111.2,9,0,23.04
rosa zarate,0.33,-79.47,73.17,83,92,2.95
rio claro,-22.41,-47.56,68.5,85,83,2.44
kuala sungai baru,2.36,102.04,82.2,78,40,6.93
vrede,-27.43,29.17,58.77,82,100,8.37
fomboni,-12.28,43.74,81.16,78,0,8.63
dire,12.28,-10.97,66.34,26,0,1.45
iqaluit,63.75,-68.51,23,85,75,17.22
ilulissat,69.22,-51.1,12.2,43,0,6.93
shetpe,44.17,52.12,29.64,95,0,10.98
gagatli,42.8,46.29,26.26,74,0,2.8
tilichiki,60.47,166.1,-2.15,94,98,9.86
assiniboia,49.63,-105.98,30.2,80,38,13.87
airai,-8.93,125.41,82.2,42,18,4.03
beian,63.66,9.57,32.65,86,0,14.99
muravlenko,63.79,74.52,-0.62,93,16,4.65
winnemucca,40.97,-117.74,26.6,73,1,8.05
mudbidri,13.08,74.98,78.8,61,0,6.93
katsuura,35.13,140.3,61.95,44,20,21.92
ati,13.22,18.34,68.29,25,0,8.08
inirida,3.87,-67.92,75.45,89,100,2.01
tisul,55.76,88.31,9.1,92,0,5.75
bac lieu,9.29,105.72,84.52,65,46,4.43
mizdah,31.45,12.98,54.55,55,0,13.13
camacha,33.08,-16.33,62.6,67,40,16.11
ahipara,-35.17,173.17,63.43,59,0,11.07
gamba,-2.65,10,74.71,95,100,2.57
yuci,37.68,112.73,32,78,100,2.24
olinda,-8.01,-34.86,77,65,40,9.17
metro,-5.11,105.31,86.54,63,50,4.34
kisangani,0.52,25.2,69.33,96,78,0.6
lasa,46.62,10.7,28.4,86,5,4.7
gallup,35.53,-108.74,30.6,98,90,4.7
lazaro cardenas,17.96,-102.2,77.52,83,13,1.14
rapid valley,44.06,-103.15,30.61,58,1,3.36
faya,18.39,42.45,53.6,87,20,4.7
marmande,44.5,0.17,50.41,93,89,4
grindavik,63.84,-22.43,35.6,64,75,28.86
asau,46.43,26.4,30.99,94,93,2.57
bosconia,9.97,-73.88,74.26,92,100,2.13
rockhampton,-23.38,150.5,86,37,0,10.29
matagami,49.75,-77.63,14,100,1,4.7
zhongshu,24.52,103.77,55,74,99,4.81
neiafu,-18.65,-173.98,77,94,75,8.05
lorengau,-2.02,147.27,84.7,73,99,5.28
kloulklubed,7.04,134.26,87.8,70,75,9.17
oktyabrskoye,43.06,44.74,17.6,100,0,2.24
outram,1.28,103.84,79.41,88,75,2.42
gushi,34.64,109.58,40.1,72,100,3.38
srednekolymsk,67.45,153.68,-4.63,92,100,6.87
victoria,22.29,114.16,68.54,66,85,1.99
aykhal,66,111.5,1.4,84,75,2.24
novyy urgal,51.07,132.56,4.28,85,99,1.54
san-pedro,4.75,-6.64,74.64,92,33,3.24
carutapera,-1.2,-46.02,76.21,89,100,4.23
floro,61.6,5.03,42.8,70,90,12.75
salalah,17.02,54.09,71.6,68,20,5.82
kyenjojo,0.63,30.62,59.79,95,0,0.6
vardo,70.37,31.11,26.6,86,75,5.82
cockburn town,21.46,-71.14,78.04,74,39,14.12
pacific grove,36.62,-121.92,47.66,61,1,3.36
zharkent,44.16,80,38.08,71,100,1.9
chitungwiza,-18.01,31.08,63,87,76,1.99
vestmannaeyjar,63.44,-20.27,39.34,70,86,29.15
vila velha,-20.33,-40.29,73.4,94,75,2.24
huarmey,-10.07,-78.15,67.05,74,99,4.74
banff,51.18,-115.57,38.5,35,94,9.17
hofn,64.25,-15.21,36.32,75,0,16.64
taybad,34.74,60.78,40.44,79,100,16.96
alihe,50.57,123.72,18.05,78,0,9.84
ocos,14.51,-92.19,71.94,100,75,6.93
santa cruz,-17.8,-63.17,71.6,94,75,3.36
harindanga,22.04,88.32,71.6,68,20,10.29
tahta,26.77,31.5,50.94,66,0,5.82
sobolevo,54.43,31.9,32.04,98,76,6.02
zhangye,38.93,100.45,32.49,76,0,3.36
zhanaozen,43.3,52.8,29.26,95,0,11.79
tromso,69.65,18.96,40.46,65,0,25.28
sanchez,19.23,-69.61,72.95,91,24,4.38
zemio,5.03,25.14,68.45,58,3,2.08
labuhan,-6.88,112.21,87.15,61,8,6.15
portland,45.52,-122.68,38.05,93,90,8.05
turan,16.07,108.22,75.2,83,75,12.75
vestmanna,62.16,-7.17,41,86,87,10.29
bilma,18.69,12.92,64.04,29,0,5.35
makakilo city,21.35,-158.09,76.42,69,75,5.82
puyang,29.46,119.89,47.21,78,100,5.64
grand gaube,-20.01,57.66,75.99,75,0,11.99
carballo,43.21,-8.69,48.2,100,0,8.05
kimbe,-5.55,150.14,87.17,68,25,3.89
vuktyl,63.86,57.31,9.73,93,0,2.24
leshukonskoye,64.9,45.76,15.21,96,41,4.63
qaqortoq,60.72,-46.03,30.2,54,100,19.46
tuatapere,-46.13,167.68,55.99,68,100,5.99
buala,-8.14,159.59,86.29,66,100,5.14
saint-augustin,51.23,-58.65,36.12,90,98,3.91
malpe,13.35,74.72,78.8,61,0,6.93
mao,39.89,4.27,64.4,77,75,12.75
nishihara,26.18,127.76,71.6,60,40,26.4
karratha,-20.74,116.85,91.47,44,74,17.18
moron,-34.65,-58.62,78.87,49,1,5.99
asha,55,57.27,14.49,95,8,1.25
port angeles,48.12,-123.43,46.53,87,75,11.41
castrillon,43.4,-6.79,42.76,81,0,1.12
chibuto,-24.69,33.53,72.77,87,100,8.63
najran,17.49,44.13,57.2,44,0,1.12
rochester,43.15,-77.62,43.99,87,90,3.36
college,64.86,-147.8,12.96,85,75,4.41
shimoda,34.67,138.95,60.48,48,75,9.17
bijie,27.31,105.29,38.93,83,100,5.35
wanning,18.8,110.4,72.61,79,98,18.12
esperance,-33.87,121.9,62.6,63,75,12.75
oulainen,64.27,24.8,24.01,94,61,3.15
la grande,45.32,-118.09,34.92,69,1,20.8
dunedin,-45.87,170.5,55.74,64,100,4
banda aceh,5.56,95.32,83.05,69,100,8.93
waingapu,-9.66,120.26,88.36,65,44,9.04
witu,-2.39,40.44,82.4,83,1,3.36
birchis,45.97,22.17,32,96,90,1.12
uyutne,45.2,33.3,50.94,81,25,13.65
seoul,37.57,126.98,36.68,34,1,9.53
barinitas,8.76,-70.41,69.69,84,91,3.74
katobu,-4.94,122.53,87.69,65,100,6.42
hazorasp,41.32,61.07,33.8,74,90,6.93
barra do bugres,-15.07,-57.18,72.1,84,55,2.68
mahajanga,-15.72,46.32,86,74,20,4.7
bismil,37.85,40.67,43.7,93,75,3.36
young,-32.68,-57.63,68.68,72,4,12.77
rehoboth,-23.32,17.08,68.18,32,54,6.31
hanchuan,30.65,113.77,44.6,93,90,4.47
aksarka,66.56,67.8,1.33,93,27,9.44
luanda,-8.84,13.23,78.8,83,75,6.93
mudgee,-32.59,149.59,96.64,24,92,19.46
matara,5.95,80.54,84.58,65,54,1.54
bloomington,44.84,-93.3,31.6,83,20,8.05
causapscal,48.35,-67.23,33.01,1,88,1.7
puerto baquerizo moreno,-0.9,-89.6,69.85,84,39,8.86
andra,62.51,65.89,7.07,94,0,2.3
pravda,46.94,142.01,26.6,58,40,6.71
placido de castro,-10.34,-67.19,75.99,88,58,0.43
emerald,-23.53,148.17,90.23,29,0,14.99
zyryanovsk,49.74,84.27,15.06,87,37,0.83
blagoyevo,63.37,47.92,13.24,96,0,4.32
yerbogachen,61.28,108.01,-6.75,90,81,2.33
grand-santi,4.25,-54.38,73.56,90,22,3.18
roma,43.21,-75.46,42.78,81,90,3.36
khorramabad,33.49,48.36,50.16,71,100,5.93
itupiranga,-5.13,-49.33,74.82,81,99,1.34
sabana grande de boya,18.95,-69.79,73.04,100,20,3.36
linxia,35.6,103.21,33.48,86,24,2.42
port hedland,-20.32,118.57,96.8,41,3,12.75
praia da vitoria,38.73,-27.07,55.78,93,75,23.6
taoudenni,22.68,-3.98,58.14,36,44,7.29
culiacan,24.8,-107.39,72.12,64,40,6.93
sungairaya,0.7,108.9,87.22,59,92,2.26
horadiz,39.45,47.34,41,93,90,4.7
svetlyy,54.67,20.13,33.8,82,40,6.71
cabedelo,-6.98,-34.83,77,78,40,4.7
norden,53.6,7.2,38.14,100,12,5.82
altay,47.87,88.12,22.35,78,14,3.31
manyana,-23.4,21.72,73.69,58,26,3.89
bongandanga,1.5,21.05,71.46,93,99,1.63
porto novo,6.5,2.6,77.47,87,95,4.59
akcakoca,41.09,31.12,48.61,50,0,4.41
merida,20.97,-89.62,75.6,88,75,5.82
pafos,34.77,32.42,55.4,71,20,9.17
labuan,5.28,115.24,82.2,78,40,9.17
vaitape,-16.52,-151.75,82.33,69,46,1.01
narva-joesuu,59.46,28.04,36.55,82,97,14.43
woodway,31.51,-97.2,56.32,67,90,8.05
itacoatiara,-3.14,-58.44,75.33,91,45,1.52
qui nhon,13.77,109.23,76.19,89,100,25.26
fairbanks,64.84,-147.72,13.14,85,75,4.23
beatrice,40.27,-96.75,34.95,69,1,5.82
